[
  {
    "id": "cafe-001",
    "name": "Cafe Layered Anguk",
    "city": "Seoul",
    "address": "서울 종로구 율곡로3길 84",
    "lat": 37.57965,
    "lng": 126.98493,
    "photo_url": "https://images.unsplash.com/photo-1517248135467-4c7edcad34c4?q=80&w=1200&auto=format&fit=crop",
    "instagram_url": "",
    "x_url": "",
    "tags": [
      "dessert",
      "retro",
      "view"
    ]
  },
  {
    "id": "cafe-002",
    "name": "Haeundae View Café",
    "city": "Busan",
    "address": "부산광역시 해운대구",
    "lat": 35.15952,
    "lng": 129.16038,
    "photo_url": "https://images.unsplash.com/photo-1498804103079-a6351b050096?q=80&w=1200&auto=format&fit=crop",
    "instagram_url": "",
    "x_url": "",
    "tags": [
      "view",
      "wifi",
      "work"
    ]
  }
]